,baseline,extended,value,rec,value_rps,mkt_filter,market,mkt_timing_20,mkt_timing_60,mkt_timing_dual
2026-02-24,100000,100000,100000,100000,100000,100000,100000,,,
2026-02-25,100000,100000,100000,100000,100000,100000,101005,,,
2026-02-26,100000,100000,100000,100000,100000,100000,101959,,,
2026-02-27,100000,100000,100000,100000,100000,100000,102361,,,
2026-03-02,100000,100000,100000,100000,100000,100000,101142,,,
2026-03-03,100000,100000,100000,100000,100000,100000,97005,,,
2026-03-04,100000,100000,100000,100000,100000,100000,96537,,,
2026-03-05,100000,100000,100000,100000,100000,100000,97721,,,
2026-03-06,100000,100000,100000,100000,100000,100000,98941,,,
2026-03-09,100000,100000,100000,100000,100000,100000,97791,,,
2026-03-10,100000,100000,100000,100000,100000,100000,100445,,,
2026-03-11,100000,100000,100000,100000,100000,100000,100038,,,
2026-03-12,100000,100000,100000,100000,100000,100000,98958,,,
2026-03-13,100000,100000,100000,100000,100000,100000,97812,,,
2026-03-16,100000,100000,100000,100000,100000,100000,98282,,,
2026-03-17,100000,100000,100000,100000,100000,100000,95909,,,
2026-03-18,100000,100000,100000,100000,100000,100000,97530,,,
2026-03-19,100000,100000,100000,100000,100000,100000,95180,,,
2026-03-20,100000,100000,100000,100000,100000,100000,93650,,,
2026-03-23,100000,100000,100000,100000,100000,100000,88872,,,
2026-03-24,100000,100000,100000,100000,100000,100000,91627,,,
2026-03-25,100000,100000,100000,100000,100000,100000,93647,,,
2026-03-26,100000,100000,100000,100000,100000,100000,92140,,,
2026-03-27,100000,100000,100000,100000,100000,100000,93448,,,
2026-03-30,100000,100000,100000,100000,100000,100000,93679,,,
2026-03-31,100000,100000,100000,100000,100000,100000,91830,100000,100000,100000
2026-04-01,98961,98956,99358,98967,99358,99358,94231,100000,100000,100000
2026-04-02,101071,99343,99119,98825,99119,99119,92391,100000,100000,100000
2026-04-03,100492,97088,97956,96936,97956,97956,91472,100000,100000,100000
2026-04-07,100836,98054,97325,97538,97325,97325,92327,100000,100000,100000
2026-04-08,100783,99150,98932,99101,98932,98932,96873,103895,100000,100000
2026-04-09,99078,97056,97699,98374,97699,97841,96386,102808,100000,100000
2026-04-10,97657,95964,97814,98274,97814,97119,97466,103728,100000,100000
2026-04-13,97633,94023,97493,96730,97493,95305,97737,103930,100000,100000
2026-04-14,97506,94726,98197,97141,98197,95616,99302,104981,100000,100000
2026-04-15,97397,96311,98651,97987,98651,96672,99135,104614,100000,100000
2026-04-16,97086,95752,98411,98038,98411,96471,101056,106151,100000,100000
2026-04-17,98258,95963,98158,98247,98158,96607,101942,106313,100000,100000
2026-04-20,97642,96080,97978,98222,97978,96870,102663,107121,100000,100000
2026-04-21,96724,95211,98277,98483,98277,96678,102553,106902,100000,100000
2026-04-22,96457,96282,98066,98184,98066,97166,103898,107462,100000,100000
2026-04-23,96305,96561,99221,98802,99221,97934,102143,106270,100000,100000
2026-04-24,95508,95408,98316,96436,98316,96622,102264,105805,100000,100000
2026-04-27,94681,94596,97825,95845,97825,95820,103466,106679,100000,100000
2026-04-28,95775,94171,97766,96133,97766,95344,102241,105637,100000,100000
2026-04-29,96278,95480,98494,97921,98494,96516,103474,106976,100000,100000
2026-04-30,94992,95380,97435,97504,97435,97104,104664,107384,100000,100000
2026-05-06,96167,95915,96960,97929,96960,98053,106964,108987,100000,100000
2026-05-07,96165,94247,96906,97029,96906,97632,109244,110257,100000,100000
2026-05-08,95601,93837,96736,97103,96736,96942,109433,111258,100000,100000
2026-05-11,96176,94121,96832,97338,96832,97666,111576,112346,100000,100000
2026-05-12,95923,94534,96359,98345,96359,98441,111020,111270,100000,100000
2026-05-13,96226,95083,96224,99812,96224,99573,112788,112287,100000,100000
2026-05-14,95386,93052,95935,97474,95935,96304,110689,110347,100000,100000
2026-05-15,95249,93204,95196,96969,95196,96048,110264,109722,100000,100000
2026-05-18,96014,92624,94451,95982,94451,95071,110665,109816,100000,100000
2026-05-19,97845,94055,94979,97035,94979,96763,111765,110809,100000,100000
2026-05-20,96452,92518,94332,95090,94332,93583,112687,110132,100000,100000
2026-05-21,94941,90862,93924,94752,93924,93148,108694,110132,100000,100000
2026-05-22,94718,91953,93704,94722,93704,92980,111605,110132,101716,100000
2026-05-25,95008,92662,93580,95631,93580,94316,112847,110132,101733,100000
2026-05-26,95069,92585,93823,95850,93823,94857,110859,110132,100356,100000
2026-05-27,95368,90982,93393,94635,93393,93732,108722,110132,100356,100000
2026-05-28,96310,90268,92759,93768,92759,92761,109730,110132,100356,100000
2026-05-29,95957,89576,94313,94876,94313,92617,105567,110132,100356,100000
2026-06-01,96366,90525,95534,95887,95534,93310,103910,110132,100356,100000
2026-06-02,97395,89465,95532,95463,95532,93146,104544,110132,100356,100000
2026-06-03,98611,89370,94599,94569,94599,92229,105294,110132,100356,100000
2026-06-04,98692,88248,93473,93797,93473,91121,105487,110132,100356,100000
2026-06-05,96371,85803,94429,93683,94429,92057,104391,110132,100356,100000
2026-06-08,94746,83843,93882,92996,93882,91520,101035,110132,100356,100000
2026-06-09,96116,84194,93904,93426,93904,91521,103870,110132,100356,100000
2026-06-10,94381,84429,94947,94665,94947,92516,101940,110132,100356,100000
2026-06-11,92464,83871,94499,94225,94499,92078,101472,110132,100356,100000
2026-06-12,91758,84826,95702,95144,95702,93245,101629,110132,100356,100000
2026-06-15,92124,84153,95354,93691,95354,92922,105619,110132,100356,100000
2026-06-16,93056,83849,94233,92929,94233,91835,107304,110132,100356,100000
2026-06-17,94153,83690,94025,93352,94025,91648,108667,110132,100356,100000
2026-06-18,94359,81552,91355,91016,91355,89063,110082,110132,100356,100000
2026-06-22,95291,85051,92016,94553,92016,89686,111072,110132,100356,100000
2026-06-23,94199,85001,92548,94728,92548,90203,109387,110132,100356,100000
2026-06-24,94808,85459,90340,94155,90340,89722,110766,110132,100356,100000
2026-06-25,95348,86942,89750,95626,89750,91221,111188,110132,100356,100000
2026-06-26,95758,84883,88378,92884,88378,88258,108036,110132,100356,100000
2026-06-29,94370,84453,88521,93491,88521,88940,108419,110132,100356,100000
2026-06-30,95636,84632,86991,93046,86991,88620,111618,110132,100356,100000
2026-07-01,96930,86578,88018,94624,88018,91092,111594,110132,100356,100000
2026-07-02,96462,85420,88967,94395,88967,89590,107632,110132,100356,100000
2026-07-03,95939,85454,89306,94514,89306,89696,108086,111259,100356,100000
2026-07-06,94976,84250,90845,95860,90845,89276,106362,111259,100356,100000
2026-07-07,95768,82395,89922,94240,89922,87350,104132,111259,100356,100000
2026-07-08,95547,81601,90421,93992,90421,87712,102161,111259,100356,100000
2026-07-09,95799,80457,89704,92934,89704,87017,105380,111259,100356,100000
2026-07-10,96410,80796,89996,92856,89996,87289,103367,111259,100356,100000
2026-07-13,96561,80397,90936,94083,90936,88174,98148,111259,100356,100000
2026-07-14,97273,81369,91808,95075,91808,89005,100150,111259,100356,100000
2026-07-15,100035,81850,93273,95952,93273,90437,98374,111259,100356,100000
2026-07-16,97524,80985,92488,94892,92488,89707,95975,111259,100356,100000
2026-07-17,94100,80276,92577,94778,92577,89800,88761,111259,100356,100000
2026-07-20,94346,82309,94054,96241,94054,91219,85437,111259,100356,100000
2026-07-21,94013,80706,92781,94742,92781,90005,89788,111259,100356,100000
2026-07-22,95879,81078,93351,95199,93351,90541,88336,111259,100356,100000
2026-07-23,95329,81421,93797,95803,93797,90973,88360,111259,100356,100000
2026-07-24,91030,79867,93259,94542,93259,90459,86523,111259,100356,100000
2026-07-27,94496,80611,93562,95195,93562,90758,89304,111259,100356,100000
2026-07-28,94952,80560,93882,95147,93882,91083,85746,111259,100356,100000
2026-07-29,93224,81520,94802,95802,94802,91951,85794,111259,100356,100000
2026-07-30,91287,82719,96605,97422,96605,93641,82200,111259,100356,100000
2026-07-31,90367,82008,96269,96597,96269,93341,85088,111259,100356,100000
