,baseline,extended,value,rec,mkt_filter,market,mkt_timing_20,mkt_timing_60
2025-10-09,100000,100000,100000,100000,100000,100000,,
2025-10-10,100000,100000,100000,100000,100000,98189,,
2025-10-13,100000,100000,100000,100000,100000,97942,,
2025-10-14,100000,100000,100000,100000,100000,95591,,
2025-10-15,100000,100000,100000,100000,100000,97136,,
2025-10-16,100000,100000,100000,100000,100000,96287,,
2025-10-17,100000,100000,100000,100000,100000,93457,,
2025-10-20,100000,100000,100000,100000,100000,94615,,
2025-10-21,100000,100000,100000,100000,100000,96356,,
2025-10-22,100000,100000,100000,100000,100000,95999,,
2025-10-23,100000,100000,100000,100000,100000,95874,,
2025-10-24,100000,100000,100000,100000,100000,97671,,
2025-10-27,100000,100000,100000,100000,100000,98882,,
2025-10-28,100000,100000,100000,100000,100000,98768,,
2025-10-29,100000,100000,100000,100000,100000,99441,,
2025-10-30,100000,100000,100000,100000,100000,98000,,
2025-10-31,100000,100000,100000,100000,100000,98218,,
2025-11-03,100000,100000,100000,100000,100000,98519,,
2025-11-04,100000,100000,100000,100000,100000,97175,,
2025-11-05,100000,100000,100000,100000,100000,97545,,
2025-11-06,100000,100000,100000,100000,100000,98795,,
2025-11-07,100000,100000,100000,100000,100000,98201,,
2025-11-10,100000,100000,100000,100000,100000,98456,,
2025-11-11,100000,100000,100000,100000,100000,98181,,
2025-11-12,100000,100000,100000,100000,100000,97717,,
2025-11-13,100000,100000,100000,100000,100000,98865,101105,100000
2025-11-14,100580,101172,100124,100591,100373,97781,100712,100000
2025-11-17,104961,101148,99429,101468,100313,97893,100946,100000
2025-11-18,100702,100259,98659,100449,99144,97110,99838,100000
2025-11-19,99494,100255,98994,99911,99719,96159,99838,100000
2025-11-20,97114,99455,99991,100397,98805,95309,99838,100000
2025-11-21,93586,96116,97957,97313,95155,91799,99838,100000
2025-11-24,93221,95773,97525,96541,94728,93257,99838,100000
2025-11-25,93390,96787,98452,97815,95641,94718,99838,100000
2025-11-26,90502,96314,97997,96825,95193,94789,99838,100000
2025-11-27,89637,96787,98138,97181,95336,95052,99838,100000
2025-11-28,88984,96802,97617,97225,94813,96110,99838,100000
2025-12-01,90483,97048,98587,97781,95747,96682,100464,100000
2025-12-02,90234,97243,98599,98406,95754,95744,100464,100000
2025-12-03,88806,97056,98256,98549,95418,95008,100464,100000
2025-12-04,87153,96466,98004,98352,95183,94823,100464,100000
2025-12-05,90683,96782,97538,98095,94731,96475,100464,100000
2025-12-08,93064,96856,97515,97868,94712,98003,101402,100000
2025-12-09,93117,96158,96579,97424,93832,97711,100745,100000
2025-12-10,91641,96583,96311,97643,93567,98008,100837,100000
2025-12-11,89053,95603,96274,96987,93522,96753,100837,100000
2025-12-12,89940,95046,96030,96961,92717,97534,100837,100000
2025-12-15,90315,95180,96402,97665,93238,96544,100837,100000
2025-12-16,89519,93294,95832,96660,91388,95019,100837,100000
2025-12-17,86829,92626,96008,97365,90863,97124,100837,100000
2025-12-18,88702,93098,96983,98513,91693,96780,100837,100000
2025-12-19,89883,93689,97134,98952,91837,97565,102285,100000
2025-12-22,89619,93021,96621,98560,91289,98659,102945,100000
2025-12-23,87467,92459,96581,99144,90598,98777,102438,100000
2025-12-24,89253,93192,96656,99488,90785,99995,103713,100000
2025-12-25,91331,93766,96896,99667,91201,100997,104742,100000
2025-12-26,92476,94307,96646,100398,92427,100808,104727,100000
2025-12-29,92430,92292,96765,97813,89433,100909,104577,100000
2025-12-30,90919,92209,96177,97465,88604,101068,104339,100000
2025-12-31,90577,91832,96222,97467,88782,101000,104484,100138
2026-01-05,89918,91340,96363,98051,88616,103460,106242,101824
2026-01-06,91564,92838,96914,99072,89799,104720,107573,103100
2026-01-07,91929,93235,96616,98681,90105,105670,107874,103388
2026-01-08,92903,93427,96219,98737,90092,106435,109019,104485
2026-01-09,93951,95344,96146,99822,92422,108077,110518,105922
2026-01-12,97166,96762,96383,100250,93676,110467,112857,108164
2026-01-13,95816,94665,96664,98210,91842,108568,111573,106933
2026-01-14,95469,94690,95433,97821,91839,109613,112311,107640
2026-01-15,92431,92925,94919,96457,90037,109457,111898,107244
2026-01-16,90126,90740,94210,94718,89114,110274,111891,107238
2026-01-19,89685,90971,94025,96639,91108,110719,113005,108306
2026-01-20,90945,92649,95265,98130,92937,109434,112500,107821
2026-01-21,90911,92178,94404,97470,92696,110907,113363,108648
2026-01-22,91731,91707,94562,97618,92298,111403,114306,109553
2026-01-23,93253,93382,94230,98766,93812,112975,115976,111153
2026-01-26,93186,92866,94723,98591,94035,111115,114728,109957
2026-01-27,93971,92254,93881,97310,93079,112020,114587,109821
2026-01-28,94563,95579,93913,99856,96675,111648,113998,109257
2026-01-29,96496,97483,95271,101260,99263,110029,113181,108474
2026-01-30,94882,96214,94513,99686,97419,110087,112904,108209
2026-02-02,93495,91339,93829,95755,92131,106868,112904,105671
2026-02-03,94751,92549,93588,95420,92128,109903,115511,108111
2026-02-04,92059,92930,94854,96703,93383,109576,116069,108633
2026-02-05,92900,92460,95771,98661,94295,108325,116069,107729
2026-02-06,94400,93487,95552,98416,94077,108239,116069,107939
2026-02-09,96161,94944,96000,98888,94521,110647,118110,109837
2026-02-10,95140,94169,95995,98454,93632,110651,118154,109878
2026-02-11,93700,94306,96273,99134,93951,110174,117956,109694
2026-02-12,91623,94238,95357,98634,94643,111060,117947,109686
2026-02-13,89155,92986,94773,97144,92684,110315,117146,108941
2026-02-24,90427,94887,95393,98102,94855,111010,118673,110361
2026-02-25,89903,95638,95253,98825,96074,112130,119916,111517
2026-02-26,90141,96617,95141,99106,96374,113185,120342,111913
2026-02-27,90010,98112,95536,101153,98222,113636,121243,112751
2026-03-02,90199,100629,95657,103702,100870,112286,119291,110936
2026-03-03,87346,100741,95211,105692,101669,107698,119291,107248
2026-03-04,87556,97410,93581,104219,99731,107180,119291,106699
2026-03-05,85121,96534,94406,104664,100627,108495,119291,108004
2026-03-06,86206,96651,94887,105425,101163,109850,121200,109732
2026-03-09,85369,96814,94379,104768,100605,108577,121200,108939
2026-03-10,85109,95544,94935,104887,101208,111522,123403,110918
2026-03-11,85077,98261,95837,107198,103878,111066,123319,110843
2026-03-12,84870,101167,96637,109597,106120,109863,122470,110080
2026-03-13,82273,99152,97059,109402,104015,108590,122470,109103
2026-03-16,83005,96236,96613,105859,100947,109112,122470,109263
2026-03-17,81970,94842,96962,106036,99927,106478,122470,107221
2026-03-18,80977,94423,96381,105184,99040,108283,122470,108382
2026-03-19,80070,94170,95528,104744,98156,105676,122470,108382
2026-03-20,78897,94203,94884,104489,97487,103971,122470,108382
2026-03-23,77419,91154,91339,100645,93837,98664,122470,108382
2026-03-24,78638,93099,93352,103015,95899,101729,122470,108382
2026-03-25,79823,95185,94686,104831,97249,103974,122470,108382
2026-03-26,79189,95984,94508,105891,97057,102302,122470,108382
2026-03-27,77980,95863,93872,105013,96418,103749,122470,108382
2026-03-30,76356,92286,94221,104392,96768,104015,122470,108382
2026-03-31,74672,89936,94118,104171,96656,101983,122470,108382
2026-04-01,74367,89543,94213,103167,96729,104642,122470,108382
2026-04-02,76435,89880,94003,103015,96512,102596,122470,108382
2026-04-03,76963,87842,92908,101043,95386,101570,122470,108382
2026-04-07,77974,88563,92336,101656,94790,102517,122470,108382
2026-04-08,77391,89608,93848,103279,96353,107603,127241,108382
2026-04-09,76604,87776,92670,102510,95202,107054,125909,108382
2026-04-10,75616,86853,92773,102404,94506,108252,127036,108382
2026-04-13,75413,85156,92477,100826,92680,108552,127284,108382
2026-04-14,75212,85790,93149,101286,93133,110329,128571,108382
2026-04-15,75190,87030,93576,102129,94228,110142,128121,108382
2026-04-16,74721,86640,93340,102205,94033,112278,130004,109975
2026-04-17,75520,86892,93087,102469,94169,113258,130202,110143
2026-04-20,74895,87051,92925,102412,94432,114055,131192,110980
2026-04-21,74457,86307,93193,102656,94240,113844,130923,110753
2026-04-22,73945,87322,92994,102422,94728,115333,131609,111333
2026-04-23,73703,87665,94080,102797,95466,113386,130149,110098
2026-04-24,73066,86615,93250,100361,94128,113517,129579,109616
2026-04-27,72528,85933,92816,99747,93340,114847,130650,110522
2026-04-28,73371,85447,92790,100237,92919,113541,129374,109442
2026-04-29,73691,86656,93448,102067,94055,115008,131015,110830
2026-04-30,72797,86368,92469,101525,94554,116555,131513,111252
2026-05-06,73686,86898,92023,102041,95437,119372,133477,112913
2026-05-07,73836,85479,91976,101153,94947,121918,135033,114229
2026-05-08,73539,85159,91818,101262,94299,122129,136258,115265
2026-05-11,73811,85392,91891,101505,94976,124519,137591,116393
2026-05-12,73885,85645,91469,102548,95765,123899,136273,115279
2026-05-13,74226,86245,91333,104114,96768,125873,137518,116332
2026-05-14,73873,84434,91050,101645,93616,123529,135142,114321
2026-05-15,74078,84483,90373,101091,93307,123056,134377,113675
2026-05-18,73909,83896,89707,100015,92352,123503,134491,113771
2026-05-19,75026,85174,90212,101225,94296,124731,135708,114801
2026-05-20,73819,83877,89590,99128,91107,125760,134879,114099
2026-05-21,72734,82394,89204,98766,90314,121303,134879,110768
2026-05-22,72642,83364,88986,98710,90191,124553,134879,112669
2026-05-25,72844,83946,88858,99643,91408,125938,134879,112688
2026-05-26,72638,83800,89073,99850,91912,123719,134879,111163
2026-05-27,72907,82305,88649,98585,90872,121334,134879,111163
2026-05-28,73249,81661,88056,97726,89928,122460,134879,111163
2026-05-29,72666,81089,89523,98856,89765,117814,134879,111163
2026-06-01,72595,82032,90682,99932,90462,115964,134879,111163
2026-06-02,72945,81022,90692,99478,90300,116672,134879,111163
2026-06-03,73811,80979,89790,98537,89398,117509,134879,111163
2026-06-04,74037,80015,88702,97735,88310,117725,134879,111163
2026-06-05,72917,77808,89608,97550,89216,116501,134879,111163
2026-06-08,72419,76074,89085,96772,88693,112756,134879,111163
2026-06-09,72812,76413,89116,97252,88725,115920,134879,111163
2026-06-10,70878,76599,90104,98546,89713,113765,134879,111163
2026-06-11,69694,76070,89682,98091,89291,113243,134879,111163
2026-06-12,69034,76910,90822,99060,90431,113419,134879,111163
2026-06-15,69076,76309,90488,97547,90097,117872,134879,111163
2026-06-16,69837,75924,89440,96742,89044,119753,134879,111163
2026-06-17,70579,75807,89261,97137,88866,121273,134879,111163
2026-06-18,70749,74027,86704,94648,86313,122852,134879,111163
2026-06-22,71093,76949,87328,98318,86936,123957,134879,111163
2026-06-23,70082,76910,87831,98558,87435,122077,134879,111163
2026-06-24,70322,77127,85701,98034,86896,123616,134879,111163
2026-06-25,70806,78322,85148,99517,88369,124086,134879,111163
2026-06-26,71148,76417,83836,96685,85511,120569,134879,111163
2026-06-29,70106,76084,83972,97287,86209,120997,134879,111163
2026-06-30,70513,76226,82501,96839,85924,124567,134879,111163
2026-07-01,71075,77667,83486,98500,88304,124540,134879,111163
2026-07-02,70675,76880,84393,98248,86845,120118,134879,111163
2026-07-03,70653,76848,84709,98378,86933,120625,136259,111163
2026-07-06,70231,76086,86166,99780,86521,118701,136259,111163
2026-07-07,70188,74370,85302,98090,84675,116212,136259,111163
2026-07-08,69778,73714,85759,97838,85014,114012,136259,111163
2026-07-09,69653,72830,85081,96748,84342,117605,136259,111163
2026-07-10,69958,73143,85345,96672,84597,115359,136259,111163
2026-07-13,70124,72864,86217,97927,85466,109534,136259,111163
2026-07-14,70451,73698,87033,98985,86272,111768,136259,111163
2026-07-15,72122,74058,88428,99887,87660,109787,136259,111163
2026-07-16,70537,73281,87702,98826,86935,107109,136259,111163
2026-07-17,68522,72615,87790,98677,87023,99059,136259,111163
2026-07-20,68565,74384,89189,100190,88408,95348,136259,111163
2026-07-21,68154,72969,87987,98641,87214,100204,136259,111163
2026-07-22,69647,73346,88514,99125,87742,98583,136259,111163
2026-07-23,69327,73638,88930,99762,88153,98610,136259,111163
2026-07-24,66243,72212,88435,98454,87662,96560,136259,111163
2026-07-27,68654,72871,88725,99174,87944,99664,136259,111163
2026-07-28,69086,72744,89035,99136,88251,95693,136259,111163
2026-07-29,67923,73420,89863,99867,89088,95747,136259,111163
2026-07-30,66856,74362,91486,101565,90711,91736,136259,111163
2026-07-31,66150,73796,91195,100698,90420,94958,136259,111163
