,baseline,extended,value,rec,regime_adaptive,market
2025-10-09,100000,100000,100000,100000,100000,100000
2025-10-10,100000,100000,100000,100000,100000,100061
2025-10-13,100000,100000,100000,100000,100000,99869
2025-10-14,100000,100000,100000,100000,100000,99680
2025-10-15,100000,100000,100000,100000,100000,100716
2025-10-16,100000,100000,100000,100000,100000,100334
2025-10-17,100000,100000,100000,100000,100000,98366
2025-10-20,100000,100000,100000,100000,100000,98746
2025-10-21,100000,100000,100000,100000,100000,99732
2025-10-22,100000,100000,100000,100000,100000,99273
2025-10-23,100000,100000,100000,100000,100000,99468
2025-10-24,100000,100000,100000,100000,100000,99367
2025-10-27,100000,100000,100000,100000,100000,100016
2025-10-28,100000,100000,100000,100000,100000,99854
2025-10-29,100000,100000,100000,100000,100000,100548
2025-10-30,100000,100000,100000,100000,100000,99844
2025-10-31,100000,100000,100000,100000,100000,99833
2025-11-03,100000,100000,100000,100000,100000,100197
2025-11-04,100000,100000,100000,100000,100000,99539
2025-11-05,100000,100000,100000,100000,100000,99803
2025-11-06,100000,100000,100000,100000,100000,100396
2025-11-07,100000,100000,100000,100000,100000,100388
2025-11-10,100000,100000,100000,100000,100000,101397
2025-11-11,100000,100000,100000,100000,100000,101302
2025-11-12,100000,100000,100000,100000,100000,100989
2025-11-13,100000,100000,100000,100000,100000,101855
2025-11-14,100213,99797,99913,99415,99895,101151
2025-11-17,100478,99495,98997,98804,99063,101182
2025-11-18,96497,97240,98269,97214,98251,100057
2025-11-19,94605,97047,98405,97148,98338,99606
2025-11-20,92399,95637,99053,96972,98887,99004
2025-11-21,88962,93444,97176,95021,96766,96384
2025-11-24,86960,93318,96779,94426,96984,96999
2025-11-25,88522,93799,97479,95176,97461,97651
2025-11-26,87823,93007,97212,94848,96812,97452
2025-11-27,89235,93371,97543,95270,96930,97528
2025-11-28,88813,93361,97164,94839,97058,98206
2025-12-01,88332,93983,98288,95828,97605,98790
2025-12-02,88119,94891,98611,96521,97813,98274
2025-12-03,86416,94783,98272,96087,98342,97753
2025-12-04,86249,94014,97872,95448,98125,97226
2025-12-05,88144,94677,97228,95207,98425,98379
2025-12-08,89005,94698,97265,94929,97896,98517
2025-12-09,88820,94069,96731,94630,96946,97870
2025-12-10,88861,94346,96369,94886,97070,98155
2025-12-11,87503,92940,96202,93934,95855,97275
2025-12-12,89142,92862,96115,93558,95065,97703
2025-12-15,90294,93450,96203,94061,95529,97854
2025-12-16,90897,92183,95796,93369,95569,96697
2025-12-17,90969,92563,95999,93963,95544,97488
2025-12-18,91843,92600,97250,94680,96012,97593
2025-12-19,92664,92902,97309,94626,96211,98540
2025-12-22,92919,92995,96629,93874,96117,98967
2025-12-23,92206,92730,96761,94066,95810,98450
2025-12-24,93355,93216,96832,94022,96230,99184
2025-12-25,93619,93424,96871,93985,96541,100102
2025-12-26,94999,93894,96687,94462,96258,100410
2025-12-29,92684,91971,97328,93167,96311,100019
2025-12-30,90723,92000,96960,92879,96069,99693
2025-12-31,91316,91649,97024,92438,96445,99842
2026-01-05,91039,91651,96972,92825,96679,101320
2026-01-06,93196,93474,97506,93773,98172,102861
2026-01-07,94593,93946,97362,93488,98107,102990
2026-01-08,97220,94311,96814,93211,98466,103324
2026-01-09,99994,95087,96717,93310,99574,104520
2026-01-12,103337,95692,97189,93324,100190,105903
2026-01-13,99797,93295,97403,91553,98868,104811
2026-01-14,100785,93617,95860,91567,98637,104597
2026-01-15,95355,92502,95458,91242,97600,104393
2026-01-16,91397,90798,94611,89863,97767,103730
2026-01-19,89961,90356,94362,91271,99099,104790
2026-01-20,93130,91819,95484,92799,100258,104756
2026-01-21,92723,91359,94522,92430,100070,104803
2026-01-22,92016,91899,94635,93234,100405,105283
2026-01-23,93897,92696,94063,93543,99807,106192
2026-01-26,94006,93254,94057,94039,99841,105746
2026-01-27,94712,91647,93419,92645,98720,105342
2026-01-28,99070,95249,93624,94509,101259,105679
2026-01-29,102039,97422,94923,95581,101892,106989
2026-01-30,96994,95361,94318,94555,99893,105392
2026-02-02,91337,90370,93497,91372,95649,102934
2026-02-03,90850,91063,93357,91253,96722,105174
2026-02-04,91581,91987,94719,92591,97903,106472
2026-02-05,89017,93027,96146,94280,97752,106017
2026-02-06,88255,92875,95789,94069,97241,105362
2026-02-09,89723,93604,96242,94462,97995,106677
2026-02-10,87798,92999,96375,94372,97309,106487
2026-02-11,87686,93452,96719,95011,98389,106695
2026-02-12,87982,93176,95845,94359,97825,106434
2026-02-13,84872,92052,95161,93199,95993,105310
2026-02-24,87979,92807,95443,93515,98276,106735
2026-02-25,88399,93286,95121,94208,99120,107971
2026-02-26,89938,92989,95037,94296,98735,107849
2026-02-27,91167,93780,95318,95168,99934,108762
2026-03-02,92493,96657,95738,96727,103425,108715
2026-03-03,90007,98189,95701,97446,105818,105989
2026-03-04,88515,95026,94537,96147,104120,104991
2026-03-05,87566,93746,95093,96710,104587,105562
2026-03-06,87907,93736,95506,97156,105787,106664
2026-03-09,88218,93536,94929,96467,105394,105713
2026-03-10,86501,92119,95173,96404,105488,106582
2026-03-11,88070,93301,96052,97555,106420,106627
2026-03-12,88678,94549,96810,98469,106943,106239
2026-03-13,87210,93360,97186,98291,106228,105398
2026-03-16,88648,91989,97213,96900,104290,105187
2026-03-17,88120,90626,97584,97253,102966,104140
2026-03-18,87281,89881,97020,96510,102307,104303
2026-03-19,87199,89713,96136,96044,100301,102077
2026-03-20,85234,89562,95521,95750,99196,100465
2026-03-23,84717,86899,91860,92178,95334,96376
2026-03-24,87615,88889,93814,93957,97166,98443
2026-03-25,90060,90607,94853,95064,98388,100201
2026-03-26,89225,91224,94938,96059,97784,98927
2026-03-27,88814,90580,94473,95079,98065,100053
2026-03-30,85435,88932,95359,94628,98781,100379
2026-03-31,82809,87671,96205,94514,97616,99528
2026-04-01,80641,86980,96510,93760,98376,100783
2026-04-02,80507,87412,96374,94040,98667,99593
2026-04-03,78085,86032,95256,92460,97411,98181
2026-04-07,80092,86283,94828,92684,97050,98694
2026-04-08,81130,87745,96359,94082,98377,101584
2026-04-09,81384,86974,95217,92938,97377,100824
2026-04-10,80551,87086,95357,93447,98147,101207
2026-04-13,80464,86286,95216,92838,97594,101003
2026-04-14,80910,86421,95982,93202,98082,101664
2026-04-15,80601,86964,96373,93710,97936,101503
2026-04-16,80515,86546,96109,93434,98070,102376
2026-04-17,82217,86063,95917,93352,97686,101959
2026-04-20,83093,86750,96097,93620,97817,102718
2026-04-21,81836,86358,96161,94156,97363,102717
2026-04-22,83237,86940,96083,93906,97505,103273
2026-04-23,82820,86051,96363,94282,97368,102970
2026-04-24,82709,85118,95553,93118,96799,102648
2026-04-27,82939,85512,94991,92445,96401,102126
2026-04-28,82422,84923,95406,92710,96278,101625
2026-04-29,83101,85601,95573,92941,96317,102880
2026-04-30,82438,85694,94614,92124,95606,102712
2026-05-06,84495,86487,94159,92619,95521,104103
2026-05-07,84881,85029,94039,92476,95282,104586
2026-05-08,84525,84703,93938,92650,95018,105332
2026-05-11,85849,85195,93804,92974,94996,105955
2026-05-12,85982,85321,93606,92909,95406,105191
2026-05-13,87566,85771,93536,93284,95655,105758
2026-05-14,85787,84229,93278,92879,93578,103773
2026-05-15,84749,82938,92559,92423,92994,102366
2026-05-18,83475,81778,91651,93285,93119,101981
2026-05-19,82809,82215,92066,94108,93126,102319
2026-05-20,81561,80093,91387,92643,92052,101715
2026-05-21,80485,78846,90925,91667,90947,99681
2026-05-22,81909,79254,90825,91528,90655,100537
2026-05-25,82332,79931,90893,91852,90851,100760
2026-05-26,82184,80027,91016,91878,90853,100414
2026-05-27,81410,80168,90427,91188,90240,99552
2026-05-28,81349,79420,89695,90514,89370,99439
2026-05-29,79915,80635,91409,91549,90341,99198
2026-06-01,80187,81097,92796,92478,91943,99511
2026-06-02,80736,80139,92646,92010,91217,99360
2026-06-03,82674,79727,91620,91010,90567,99225
2026-06-04,82016,78535,90408,89993,89454,98367
2026-06-05,79631,77972,91141,90620,89644,98173
2026-06-08,79101,77207,90489,89880,88400,95731
2026-06-09,78524,77429,90205,90175,88095,96567
2026-06-10,75795,78244,91263,91351,88117,96021
2026-06-11,75711,78067,90738,91047,87344,95520
2026-06-12,75433,78794,92159,92170,89153,96581
2026-06-15,76459,77991,91914,91429,90778,98026
2026-06-16,77513,77189,90677,90158,89453,98329
2026-06-17,77274,77273,90712,90014,89490,97891
2026-06-18,78478,75222,88685,87889,87725,97085
2026-06-22,80992,78136,89494,89303,88615,99199
2026-06-23,79729,78108,89986,89745,88385,97498
2026-06-24,81107,77728,88174,88073,86351,96806
2026-06-25,81532,78659,87697,88073,86010,96863
2026-06-26,81041,76607,86314,85967,84570,94219
2026-06-29,81188,77088,86649,86651,84900,94728
2026-06-30,81476,76427,85080,85189,82953,94900
2026-07-01,82242,78325,85979,86317,84205,95889
2026-07-02,80795,77691,86844,86809,85024,94777
2026-07-03,79104,77567,87348,87329,86334,95272
2026-07-06,77218,78362,89037,88720,87707,94764
2026-07-07,76147,76608,88011,87599,86196,92477
2026-07-08,75714,76343,88309,87775,86301,91255
2026-07-09,74299,75390,87695,87145,86311,91705
2026-07-10,73810,75036,87697,86797,87258,92166
2026-07-13,72011,75857,88866,88083,86156,89765
2026-07-14,72497,76571,89563,88697,87737,91046
2026-07-15,74329,77253,90552,89570,89136,91382
2026-07-16,73687,76477,89962,88988,89159,90532
2026-07-17,71588,76327,89791,88422,88061,87816
2026-07-20,71571,78041,91215,90022,89597,88134
2026-07-21,71346,76697,90074,88566,88593,88942
2026-07-22,73781,76999,90414,88705,88696,88764
2026-07-23,74095,77547,90861,89325,89224,89735
2026-07-24,71125,76392,90042,88128,88670,87389
2026-07-27,71475,76797,90385,88439,89000,88989
2026-07-28,70763,76532,90794,88301,89604,88507
2026-07-29,71630,76894,91745,88874,90086,89560
2026-07-30,71331,78074,93308,90565,91755,89566
2026-07-31,71206,77483,93082,89802,91242,90321
